"Name","status","time"
"test","Drowsniess","Tue Aug 24 13:13:28 2021"
"test","Drowsniess","Tue Aug 24 13:13:28 2021"
"test","Drowsniess","Tue Aug 24 13:13:28 2021"
"test","Drowsniess","Tue Aug 24 13:13:28 2021"
"test","Drowsniess","Tue Aug 24 13:13:28 2021"
"test","Drowsniess","Tue Aug 24 13:13:28 2021"
"test","Drowsniess","Tue Aug 24 13:13:28 2021"
"test","Drowsniess","Tue Aug 24 13:13:28 2021"
"test","Drowsniess","Tue Aug 24 13:13:28 2021"
"test","Drowsniess","Tue Aug 24 13:13:28 2021"
"test","Drowsniess","Tue Aug 24 13:13:28 2021"
"test","Drowsniess","Tue Aug 24 13:13:28 2021"
"test","Drowsniess","Tue Aug 24 13:13:28 2021"
"test","Drowsniess","Tue Aug 24 13:13:28 2021"
"test","Drowsniess","Tue Aug 24 13:13:28 2021"
"test","Drowsniess","Tue Aug 24 13:13:28 2021"
"test","Drowsniess","Tue Aug 24 13:13:28 2021"
"test","Drowsniess","Tue Aug 24 13:13:28 2021"
"test","Drowsniess","Tue Aug 24 13:13:28 2021"
"test","Drowsniess","Tue Aug 24 13:13:28 2021"
"test","Drowsniess","Tue Aug 24 13:13:28 2021"
"test","Drowsniess","Tue Aug 24 13:13:28 2021"
"test","Drowsniess","Tue Aug 24 13:13:28 2021"
"test","Drowsniess","Tue Aug 24 13:13:28 2021"
"test","Drowsniess","Tue Aug 24 13:13:28 2021"
"test","Drowsniess","Tue Aug 24 13:13:28 2021"
"test","Drowsniess","Tue Aug 24 13:13:28 2021"
"test","Drowsniess","Tue Aug 24 13:13:28 2021"
"test","Drowsniess","Tue Aug 24 13:13:28 2021"
"test","Drowsniess","Tue Aug 24 13:13:28 2021"
"test","Drowsniess","Tue Aug 24 13:13:28 2021"
"test","Drowsniess","Tue Aug 24 13:13:28 2021"
"test","Drowsniess","Tue Aug 24 13:13:28 2021"
"test","Drowsniess","Tue Aug 24 13:13:28 2021"
"test","Drowsniess","Tue Aug 24 13:13:28 2021"
"test","Drowsniess","Tue Aug 24 13:13:28 2021"
"test","Drowsniess","Tue Aug 24 13:13:28 2021"
"test","Drowsniess","Tue Aug 24 13:13:28 2021"
"test","Drowsniess","Tue Aug 24 13:13:28 2021"
"test","Drowsniess","Tue Aug 24 13:13:28 2021"
"test","Drowsniess","Tue Aug 24 13:13:28 2021"
"test","Drowsniess","Tue Aug 24 13:13:28 2021"
"test","Drowsniess","Tue Aug 24 13:13:28 2021"
"test","Drowsniess","Tue Aug 24 13:13:28 2021"
"test","Drowsniess","Tue Aug 24 13:13:28 2021"
"test","Drowsniess","Tue Aug 24 13:13:28 2021"
"test","Drowsniess","Tue Aug 24 13:13:28 2021"
"test","Drowsniess","Tue Aug 24 13:13:28 2021"
"test","Drowsniess","Tue Aug 24 13:13:28 2021"
"test","Drowsniess","Tue Aug 24 13:13:28 2021"
"test","Drowsniess","Tue Aug 24 13:13:28 2021"
